{
    "param_means": {
        "T2M": 13.145361581253997,
        "T2M_MAX": 18.30260041421349,
        "T2M_MIN": 8.427132042339863,
        "WD2M": 196.5173365234546,
        "WS2M": 2.783379369811026,
        "PS": 94.71234530807918,
        "QV2M": 0.007742470312598587,
        "PRECTOTCORR": 2.210654302802791,
        "ALLSKY_SFC_SW_DWN": 16.420282455132728,
        "EVPTRNS": 1.6491114239311324,
        "GWETPROF": 0.8846904482206387,
        "SNODP": 4.679704327628447,
        "T2MDEW": 6.370281505456983,
        "CLOUD_AMT": 56.82591437072329,
        "EVLAND": 22.142972737420457,
        "T2MWET": 9.757821716923601,
        "FRSNO": 0.7026453706985972,
        "ALLSKY_SFC_LW_DWN": 325.40859177400813,
        "ALLSKY_SFC_PAR_TOT": 87.84980777014766,
        "ALLSKY_SRF_ALB": 0.1476465437630216,
        "PW": 1.8928730467404786,
        "Z0M": 0.4861716780126397,
        "RHOA": 1.1484117226563653,
        "RH2M": 69.64012865309024,
        "CDD18_3": 2.2260857735135686,
        "HDD18_3": 7.1613019691066935,
        "TO3": 304.9010199128727,
        "AOD_55": 0.1694153427413044,
        "ET0": 6.957222978129837,
        "VAP": 1.842746592978715,
        "VPD": 1.8414938461804282
    },
    "param_stds": {
        "T2M": 10.85268140353341,
        "T2M_MAX": 10.990189636080574,
        "T2M_MIN": 11.203939112475137,
        "WD2M": 48.36742302324757,
        "WS2M": 1.8131382609942395,
        "PS": 7.3745053569481405,
        "QV2M": 0.00464625901381717,
        "PRECTOTCORR": 2.889650001332724,
        "ALLSKY_SFC_SW_DWN": 6.8065283058475625,
        "EVPTRNS": 2.708951010823063,
        "GWETPROF": 1.9004163329513213,
        "SNODP": 8.876301389586565,
        "T2MDEW": 10.18386702618799,
        "CLOUD_AMT": 20.268711173778488,
        "EVLAND": 18.41703011728178,
        "T2MWET": 10.167485044298447,
        "FRSNO": 3.510855512711943,
        "ALLSKY_SFC_LW_DWN": 56.24205276485542,
        "ALLSKY_SFC_PAR_TOT": 37.12221916447037,
        "ALLSKY_SRF_ALB": 0.08537373460102698,
        "PW": 1.1480777510037243,
        "Z0M": 0.710243035138661,
        "RHOA": 0.0909608987707603,
        "RH2M": 17.70491322259821,
        "CDD18_3": 3.4410239776681157,
        "HDD18_3": 8.578055702181146,
        "TO3": 33.24023745463082,
        "AOD_55": 0.122047135230921,
        "ET0": 3.6151062177750646,
        "VAP": 1.0865278766892634,
        "VPD": 1.0858907687426593
    }
}